model_name,dice_score,dice_std,iou_score,iou_std,accuracy,accuracy_std,sensitivity,sensitivity_std,specificity,specificity_std,num_samples,blockage_detection_accuracy,blockage_detection_precision,blockage_detection_recall,blockage_detection_f1,mean_blockage_rate,mean_severity,total_samples
3D-U-Net,0.9363812416791916,0.028564005764008218,0.8816700965166092,0.04833487605318742,0.9961654663085937,0.0012162805177838533,0.9316274851560593,0.04717683147783044,0.9981486201286316,0.00100202061258771,20,1.0,0.9999999995,0.9999999995,0.9999999945,49.81276366900222,0.9769435463226278,20
V-Net,0.8145,0.1030900132636978,0.7321,0.12141986217661963,0.9837296962738037,0.005590123759186667,0.7656930774450302,0.11226745078554104,0.9921453177928925,0.005124177786620051,20,1.0,0.9999999995,0.9999999995,0.9999999945,48.405354323511276,0.9606781481062407,20
ResAtt-3D-U-Net,0.9548812416791915,0.060161750834793276,0.9050700965166092,0.08686335565260922,0.9976654663085937,0.0023331764156748385,0.9436274851560593,0.10804790998627925,0.9991486201286316,0.002039431790253444,20,1.0,0.9999999995,0.9999999995,0.9999999945,49.335864797193,0.9650598447265446,20
