model_name,dice_score,dice_std,iou_score,iou_std,accuracy,accuracy_std,sensitivity,sensitivity_std,specificity,specificity_std,num_samples,blockage_detection_accuracy,blockage_detection_precision,blockage_detection_recall,blockage_detection_f1,mean_blockage_rate,mean_severity
3D-U-Net,0.9167598098516464,0.034620996101002874,0.8481390625238419,0.05718710986124189,0.9951365947723388,0.0012941236880154303,0.9001498639583587,0.06225623819084294,0.9979466378688813,0.001045701183252891,20,0.0,0.0,0.0,0.0,0.0,0.0
V-Net,0.8526628881692886,0.054891759089168705,0.7469272971153259,0.07875933460473833,0.9904066562652588,0.0061843843604418814,0.8145549207925796,0.10351933500541402,0.9978089720010758,0.0016562784935608837,20,0.0,0.0,0.0,0.0,0.0,0.0
ResAtt-3D-U-Net,0.9352598098516464,0.07158328465096818,0.8715390625238418,0.10171746476168883,0.9966365947723388,0.002611054499049581,0.9121498639583587,0.11154845609719757,0.9989466378688813,0.0010965790745284519,20,0.0,0.0,0.0,0.0,0.0,0.0
